Serial Number,Deposits 2016
815,20001
1154,20002
395,20003
1598,20004
1548,20005
1233,20006
168,20007
429,20008
1595,20009
28,20010
1185,20011
1549,20012
894,20013
1160,20014
754,20015
1222,20016
1336,20017
1393,20018
631,20019
1127,20020
1429,20021
1617,20022
1318,20023
1531,20024
777,20025
176,20026
591,20027
1070,20028
968,20029
994,20030
340,20031
1574,20032
273,20033
505,20034
1485,20035
1263,20036
1301,20037
1524,20038
457,20039
736,20040
1606,20041
201,20042
380,20043
268,20044
1562,20045
1174,20046
952,20047
970,20048
1161,20049
494,20050
735,20051
209,20052
601,20053
1034,20054
644,20055
1580,20056
1443,20057
1514,20058
641,20059
839,20060
1326,20061
913,20062
1042,20063
27,20064
1459,20065
303,20066
914,20067
795,20068
373,20069
433,20070
169,20071
410,20072
605,20073
84,20074
160,20075
1587,20076
846,20077
1115,20078
267,20079
1209,20080
515,20081
688,20082
1352,20083
166,20084
791,20085
1110,20086
31,20087
603,20088
185,20089
1121,20090
772,20091
1566,20092
156,20093
3,20094
57,20095
690,20096
491,20097
687,20098
1308,20099
606,20100
627,20101
1285,20102
1226,20103
888,20104
196,20105
319,20106
1136,20107
704,20108
1217,20109
23,20110
852,20111
1526,20112
451,20113
1376,20114
1044,20115
649,20116
251,20117
1201,20118
150,20119
1272,20120
722,20121
1072,20122
615,20123
672,20124
693,20125
1532,20126
1541,20127
432,20128
689,20129
625,20130
224,20131
1253,20132
351,20133
1207,20134
1474,20135
56,20136
1412,20137
557,20138
1152,20139
162,20140
293,20141
1502,20142
1214,20143
1267,20144
1525,20145
154,20146
223,20147
817,20148
1490,20149
1546,20150
880,20151
1468,20152
423,20153
1368,20154
830,20155
183,20156
1511,20157
1299,20158
295,20159
30,20160
227,20161
564,20162
714,20163
1006,20164
1035,20165
1499,20166
666,20167
1375,20168
262,20169
883,20170
220,20171
1381,20172
1144,20173
249,20174
232,20175
328,20176
321,20177
613,20178
338,20179
1334,20180
559,20181
737,20182
1148,20183
1510,20184
282,20185
1259,20186
933,20187
1252,20188
354,20189
1151,20190
499,20191
878,20192
348,20193
1480,20194
1504,20195
701,20196
1536,20197
711,20198
1362,20199
1448,20200
788,20201
1605,20202
1608,20203
1038,20204
809,20205
864,20206
443,20207
1047,20208
724,20209
288,20210
800,20211
1150,20212
383,20213
854,20214
977,20215
1156,20216
1538,20217
1356,20218
783,20219
840,20220
1552,20221
235,20222
1082,20223
567,20224
1012,20225
861,20226
1509,20227
1479,20228
792,20229
1056,20230
1135,20231
1586,20232
850,20233
239,20234
466,20235
1413,20236
653,20237
399,20238
1596,20239
16,20240
892,20241
1377,20242
927,20243
1060,20244
775,20245
622,20246
514,20247
1418,20248
725,20249
1487,20250
1365,20251
256,20252
1433,20253
1361,20254
812,20255
868,20256
1618,20257
837,20258
749,20259
1166,20260
778,20261
397,20262
988,20263
1422,20264
1013,20265
1099,20266
1069,20267
1620,20268
936,20269
1103,20270
1332,20271
1367,20272
1328,20273
1611,20274
832,20275
610,20276
992,20277
1495,20278
1591,20279
1405,20280
187,20281
906,20282
973,20283
1407,20284
571,20285
1359,20286
643,20287
563,20288
1501,20289
670,20290
1313,20291
246,20292
975,20293
1315,20294
947,20295
442,20296
139,20297
706,20298
518,20299
1406,20300
582,20301
90,20302
327,20303
1296,20304
26,20305
954,20306
960,20307
103,20308
661,20309
1100,20310
119,20311
1137,20312
461,20313
1062,20314
1122,20315
1486,20316
264,20317
1108,20318
296,20319
1561,20320
1046,20321
68,20322
662,20323
1402,20324
1309,20325
1432,20326
1550,20327
1467,20328
1113,20329
1497,20330
291,20331
1054,20332
1279,20333
40,20334
1149,20335
1246,20336
425,20337
1274,20338
70,20339
1547,20340
513,20341
1517,20342
337,20343
1396,20344
882,20345
1592,20346
905,20347
216,20348
755,20349
847,20350
1275,20351
396,20352
727,20353
1210,20354
1004,20355
929,20356
865,20357
608,20358
1061,20359
538,20360
42,20361
828,20362
180,20363
793,20364
332,20365
421,20366
1330,20367
566,20368
69,20369
1165,20370
671,20371
167,20372
1342,20373
1242,20374
430,20375
272,20376
856,20377
431,20378
1424,20379
111,20380
511,20381
870,20382
1057,20383
1118,20384
15,20385
1244,20386
1080,20387
1177,20388
1534,20389
424,20390
1235,20391
1206,20392
362,20393
1551,20394
221,20395
1366,20396
1218,20397
374,20398
1116,20399
1178,20400
1590,20401
164,20402
1457,20403
1306,20404
1107,20405
250,20406
1494,20407
976,20408
77,20409
369,20410
598,20411
75,20412
552,20413
318,20414
1601,20415
941,20416
1578,20417
241,20418
308,20419
1582,20420
875,20421
1460,20422
1175,20423
1081,20424
1141,20425
585,20426
161,20427
1273,20428
493,20429
1420,20430
212,20431
229,20432
13,20433
1434,20434
1579,20435
841,20436
842,20437
526,20438
1604,20439
488,20440
497,20441
1452,20442
275,20443
584,20444
248,20445
621,20446
1291,20447
66,20448
694,20449
774,20450
734,20451
1131,20452
577,20453
1254,20454
646,20455
920,20456
141,20457
509,20458
404,20459
600,20460
827,20461
1294,20462
1316,20463
938,20464
544,20465
416,20466
1179,20467
1444,20468
149,20469
259,20470
1278,20471
907,20472
436,20473
915,20474
978,20475
588,20476
1283,20477
698,20478
378,20479
1237,20480
1017,20481
1248,20482
1094,20483
506,20484
1159,20485
1240,20486
1607,20487
109,20488
1184,20489
1245,20490
208,20491
550,20492
1019,20493
1417,20494
860,20495
210,20496
786,20497
357,20498
1041,20499
972,20500
1031,20501
204,20502
214,20503
314,20504
333,20505
1588,20506
1008,20507
1543,20508
74,20509
359,20510
381,20511
1119,20512
1478,20513
1358,20514
1414,20515
1310,20516
281,20517
537,20518
2,20519
454,20520
355,20521
1297,20522
900,20523
867,20524
1243,20525
1104,20526
1558,20527
205,20528
1123,20529
94,20530
802,20531
81,20532
797,20533
1002,20534
236,20535
884,20536
1204,20537
334,20538
1198,20539
1609,20540
887,20541
599,20542
1231,20543
1022,20544
628,20545
708,20546
155,20547
818,20548
668,20549
489,20550
1539,20551
481,20552
692,20553
311,20554
240,20555
29,20556
719,20557
1182,20558
1311,20559
1383,20560
89,20561
507,20562
1091,20563
198,20564
612,20565
891,20566
638,20567
173,20568
32,20569
549,20570
859,20571
814,20572
871,20573
294,20574
313,20575
426,20576
1292,20577
105,20578
366,20579
1458,20580
781,20581
1610,20582
1053,20583
1092,20584
86,20585
22,20586
181,20587
1011,20588
1190,20589
921,20590
52,20591
1329,20592
1616,20593
1195,20594
596,20595
492,20596
365,20597
995,20598
849,20599
723,20600
1045,20601
1098,20602
1500,20603
1073,20604
858,20605
368,20606
647,20607
939,20608
1394,20609
67,20610
360,20611
1391,20612
1416,20613
982,20614
654,20615
881,20616
916,20617
1191,20618
561,20619
211,20620
1173,20621
803,20622
372,20623
1016,20624
175,20625
1469,20626
508,20627
1571,20628
1337,20629
113,20630
200,20631
1026,20632
949,20633
819,20634
971,20635
902,20636
1314,20637
323,20638
525,20639
447,20640
739,20641
1325,20642
953,20643
1221,20644
377,20645
394,20646
993,20647
97,20648
956,20649
1597,20650
804,20651
501,20652
1520,20653
794,20654
14,20655
1025,20656
984,20657
1312,20658
467,20659
1197,20660
1594,20661
182,20662
997,20663
460,20664
1374,20665
1065,20666
1300,20667
1189,20668
326,20669
1564,20670
277,20671
1512,20672
750,20673
125,20674
1095,20675
729,20676
741,20677
233,20678
140,20679
1621,20680
617,20681
587,20682
1455,20683
767,20684
806,20685
427,20686
202,20687
673,20688
65,20689
1303,20690
760,20691
1202,20692
1089,20693
1088,20694
980,20695
1360,20696
816,20697
25,20698
449,20699
153,20700
769,20701
367,20702
225,20703
813,20704
345,20705
779,20706
310,20707
547,20708
1496,20709
36,20710
178,20711
1043,20712
101,20713
1415,20714
260,20715
1066,20716
1257,20717
983,20718
503,20719
1354,20720
937,20721
1419,20722
1167,20723
924,20724
1438,20725
76,20726
709,20727
1033,20728
18,20729
1447,20730
138,20731
922,20732
1446,20733
132,20734
616,20735
1569,20736
465,20737
699,20738
626,20739
595,20740
1622,20741
820,20742
390,20743
1554,20744
1075,20745
255,20746
1255,20747
1027,20748
1020,20749
194,20750
642,20751
733,20752
1411,20753
677,20754
619,20755
811,20756
618,20757
82,20758
568,20759
821,20760
517,20761
1036,20762
393,20763
807,20764
592,20765
520,20766
1343,20767
1289,20768
1442,10000
658,10001
756,10002
195,10003
1555,10004
747,10005
917,10006
1239,10007
1528,10008
363,10009
46,10010
207,10011
630,10012
435,10013
1567,10014
843,10015
269,10016
1387,10017
222,10018
498,10019
80,10020
191,10021
144,10022
651,10023
1140,10024
759,10025
928,10026
1570,10027
1395,10028
909,10029
1461,10030
855,10031
1051,10032
1529,10033
700,10034
441,10035
679,10036
1014,10037
726,10038
1172,10039
1223,10040
1093,10041
1505,10042
629,10043
1105,10044
1055,10045
439,10046
342,10047
650,10048
990,10049
336,10050
1399,10051
110,10052
542,10053
590,10054
1268,10055
1466,10056
1216,10057
73,10058
886,10059
663,10060
572,10061
174,10062
966,10063
1169,10064
669,10065
1397,10066
1465,10067
763,10068
1124,10069
1305,10070
1449,10071
1344,10072
289,10073
1348,10074
54,10075
33,10076
1421,10077
918,10078
1545,10079
1398,10080
99,10081
560,10082
312,10083
403,10084
331,10085
1132,10086
1183,10087
387,10088
91,10089
707,10090
44,10091
1269,10092
836,10093
565,10094
455,10095
1090,10096
1470,10097
102,10098
438,10099
633,10100
574,10101
1431,10102
472,10103
764,10104
72,10105
1247,10106
478,10107
1005,10108
660,10109
386,10110
71,10111
1349,10112
1109,10113
799,10114
1471,10115
558,10116
785,10117
1345,10118
1052,10119
702,10120
1071,10121
197,10122
1378,10123
1516,10124
583,10125
833,10126
500,10127
1117,10128
1139,10129
848,10130
1557,10131
445,10132
1227,10133
695,10134
1506,10135
744,10136
697,10137
1077,10138
796,10139
485,10140
826,10141
943,10142
901,10143
192,10144
1194,10145
437,10146
899,10147
1228,10148
114,10149
420,10150
770,10151
696,10152
177,10153
409,10154
1286,10155
609,10156
1280,10157
1266,10158
186,10159
1163,10160
479,10161
534,10162
1364,10163
835,10164
1338,10165
476,10166
731,10167
1288,10168
95,10169
322,10170
743,10171
1373,10172
624,10173
1568,10174
1048,10175
728,10176
655,10177
1382,10178
5,10179
1241,10180
1277,10181
535,10182
1482,10183
1162,10184
414,10185
1192,10186
79,10187
527,10188
720,10189
721,10190
473,10191
1164,10192
217,10193
452,10194
578,10195
546,10196
1319,10197
810,10198
11,10199
562,10200
265,10201
215,10202
480,10203
1224,10204
1401,10205
1063,10206
271,10207
283,10208
1220,10209
857,10210
428,10211
510,10212
1553,10213
1186,10214
1018,10215
117,10216
35,10217
158,10218
635,10219
1602,10220
1351,10221
1476,10222
285,10223
586,10224
486,10225
665,10226
1188,10227
405,10228
122,10229
361,10230
1145,10231
20,10232
1400,10233
1518,10234
969,10235
1250,10236
151,10237
1379,10238
1335,10239
1211,10240
407,10241
890,10242
712,10243
548,10244
1287,10245
290,10246
1097,10247
126,10248
523,10249
87,10250
152,10251
1230,10252
292,10253
866,10254
838,10255
417,10256
648,10257
539,10258
1427,10259
931,10260
919,10261
1535,10262
974,10263
1298,10264
1129,10265
391,10266
776,10267
370,10268
1483,10269
1347,10270
356,10271
1585,10272
519,10273
1260,10274
1317,10275
790,10276
450,10277
1181,10278
530,10279
1134,10280
444,10281
1001,10282
1068,10283
1404,10284
964,10285
551,10286
1258,10287
1503,10288
589,10289
874,10290
862,10291
458,10292
320,10293
4,10294
569,10295
717,10296
965,10297
1612,10298
123,10299
950,10300
1521,10301
877,10302
1537,10303
133,10304
1133,10305
502,10306
1282,10307
1599,10308
1125,10309
325,10310
532,10311
1003,10312
844,10313
98,10314
524,10315
1015,10316
757,10317
1021,10318
1488,10319
1120,10320
889,10321
996,10322
189,10323
470,10324
1477,10325
1409,10326
580,10327
1232,10328
738,10329
634,10330
1307,10331
263,10332
940,10333
678,10334
100,10335
385,10336
278,10337
163,10338
1355,10339
1157,10340
157,10341
645,10342
1265,10343
1176,10344
780,10345
903,10346
343,10347
1600,10348
745,10349
611,10350
21,10351
48,10352
1284,10353
528,10354
274,10355
986,10356
349,10357
1111,10358
1096,10359
179,10360
159,10361
418,10362
297,10363
120,10364
118,10365
529,10366
1339,10367
873,10368
540,10369
911,10370
307,10371
989,10372
782,10373
845,10374
257,10375
1271,10376
382,10377
1350,10378
341,10379
190,10380
1340,10381
1515,10382
1615,10383
674,10384
656,10385
47,10386
474,10387
607,10388
1187,10389
392,10390
710,10391
1450,10392
958,10393
375,10394
55,10395
108,10396
1171,10397
128,10398
401,10399
761,10400
740,10401
234,10402
206,10403
1112,10404
131,10405
636,10406
1513,10407
926,10408
789,10409
1556,10410
1530,10411
1000,10412
533,10413
1295,10414
398,10415
597,10416
1324,10417
88,10418
1451,10419
1544,10420
1320,10421
1321,10422
231,10423
1619,10424
254,10425
1428,10426
1114,10427
1456,10428
487,10429
376,10430
379,10431
667,10432
226,10433
691,10434
1369,10435
1475,10436
985,10437
1251,10438
335,10439
935,10440
203,10441
951,10442
60,10443
230,10444
1435,10445
681,10446
556,10447
135,10448
284,10449
637,10450
962,10451
50,10452
287,10453
124,10454
490,10455
1130,10456
1058,10457
554,10458
1203,10459
1293,10460
400,10461
258,10462
1067,10463
93,10464
266,10465
730,10466
1029,10467
1079,10468
831,10469
522,10470
1007,10471
536,10472
896,10473
773,10474
1213,10475
1083,10476
895,10477
1439,10478
1,10479
304,10480
247,10481
471,10482
329,10483
904,10484
469,10485
243,10486
413,10487
614,10488
10,10489
1341,10490
925,10491
279,10492
464,10493
1158,10494
1322,10495
446,10496
715,10497
967,10498
923,10499
898,10500
1462,10501
51,10502
555,10503
142,10504
1084,10505
459,10506
945,10507
495,10508
9,10509
253,10510
1436,10511
1208,10512
171,10513
893,10514
1010,10515
270,10516
353,10517
1522,10518
346,10519
358,10520
705,10521
1507,10522
17,10523
1030,10524
1106,10525
682,10526
963,10527
808,10528
1423,10529
657,10530
244,10531
1573,10532
771,10533
83,10534
768,10535
1249,10536
49,10537
1403,10538
1219,10539
34,10540
58,10541
732,10542
61,10543
1426,10544
172,10545
930,10546
531,10547
384,10548
1565,10549
219,10550
1508,10551
1484,10552
805,10553
1078,10554
39,10555
753,10556
1440,10557
106,10558
1572,10559
1086,10560
306,10561
959,10562
944,10563
1281,10564
1049,10565
784,10566
1346,10567
1614,10568
553,10569
932,10570
12,10571
148,10572
59,10573
639,10574
1584,10575
1023,10576
1180,10577
6,10578
1138,10579
193,10580
1390,10581
78,10582
834,10583
1589,10584
1009,10585
1225,10586
1363,10587
402,10588
1527,10589
1370,10590
112,10591
948,10592
1472,10593
145,10594
146,10595
1613,10596
218,10597
1290,10598
1102,10599
1276,10600
664,10601
1410,10602
415,10603
1576,10604
1155,10605
482,10606
910,10607
19,10608
1153,10609
1126,10610
955,10611
1050,10612
1200,10613
703,10614
1170,10615
477,10616
1577,10617
1386,10618
1542,10619
1575,10620
462,10621
252,10622
593,10623
1425,10624
165,10625
1581,10626
521,10627
1238,10628
350,10629
422,10630
1205,10631
684,10632
115,10633
298,10634
301,10635
716,90000
1037,90001
1333,90002
43,90003
170,90004
276,90005
453,90006
1384,90007
309,90008
1128,90009
825,90010
751,90011
748,90012
1196,90013
1229,90014
1323,90015
364,90016
300,90017
280,90018
1464,90019
41,90020
261,90021
1270,90022
504,90023
406,90024
981,90025
317,90026
908,90027
24,90028
1441,90029
1353,90030
1473,90031
1262,90032
623,90033
64,90034
1147,90035
237,90036
1372,90037
389,90038
1492,90039
352,90040
683,90041
1437,90042
45,90043
659,90044
961,90045
1519,90046
107,90047
463,90048
851,90049
134,90050
1583,90051
315,90052
121,90053
339,90054
1028,90055
570,90056
991,90057
483,90058
388,90059
1215,90060
1559,90061
371,90062
1560,90063
137,90064
853,90065
1040,90066
434,90067
85,90068
213,90069
632,90070
92,90071
652,90072
824,90073
130,90074
1059,90075
1236,90076
344,90077
798,90078
602,90079
957,90080
1489,90081
1074,90082
594,90083
245,90084
448,90085
1331,90086
1453,90087
1039,90088
147,90089
575,90090
829,90091
127,90092
1623,90093
1392,90094
758,90095
1302,90096
305,90097
541,90098
676,90099
713,90100
1380,90101
456,90102
1234,90103
324,90104
475,90105
946,90106
7,90107
1491,90108
38,90109
468,90110
411,90111
53,90112
199,90113
347,90114
104,90115
1256,90116
746,90117
1032,90118
136,90119
1143,90120
979,90121
1371,90122
576,90123
330,90124
1385,90125
408,90126
412,90127
742,90128
1024,90129
1493,90130
686,90131
419,90132
1168,90133
1199,90134
718,90135
999,90136
1445,90137
1304,90138
286,90139
1327,90140
512,90141
96,90142
543,90143
1087,90144
1261,90145
1212,90146
640,90147
1593,90148
1533,90149
188,90150
8,90151
1076,90152
885,90153
1563,90154
801,90155
1193,90156
1454,90157
1142,90158
1085,90159
238,90160
998,90161
1430,90162
987,90163
765,90164
680,90165
1146,90166
62,90167
581,90168
545,90169
879,90170
934,90171
1264,90172
37,90173
1603,90174
302,90175
440,90176
762,90177
752,90178
496,90179
897,90180
573,90181
1064,90182
242,90183
116,90184
822,90185
1523,90186
620,90187
184,90188
869,90189
685,90190
63,90191
1540,90192
1408,90193
863,90194
129,90195
876,90196
1101,90197
942,90198
872,90199
1357,90200
912,90201
316,90202
1481,90203
1389,90204
579,90205
299,90206
1463,90207
516,90208
484,90209
675,90210
143,90211
228,90212
1498,90213
787,90214
604,90215
766,90216
1388,90217
823,90218
